Brutus;English Sheepdog;young;854-40-2482
Tyson;Redbone;young;074-96-8961
Harvey;American Terrier;puppy;258-38-1877
Milo;French Bulldog;adult;240-46-3748
Annie;Great Dane;senior;148-66-4957
Diamond;Bull Mastiff;young;079-14-3660
Sophie;Eskimo;young;308-07-9235
Baxter;Newfoundland;puppy;512-32-6350
Harley;Stbernard;puppy;897-50-8869
Oscar;Miniature Pinscher;adult;029-18-1290
Bandit;Bernese Mountain;young;327-33-1498
Zoe;Afghan Hound;young;589-81-8122
Shelby;Briard;senior;192-15-4457
Bandit;Bouvier;adult;285-71-3581
Oscar;Fox Terrier;adult;668-64-8621
Peanut;Irish Setter;senior;194-43-2257
Lola;Husky;senior;236-63-4954
Lola;Rhodesian Ridgeback;senior;054-34-2382
Sammy;Welsh Spaniel;puppy;842-69-9141
Misty;English Springer;young;019-12-0599
Penny;Malamute;adult;352-30-8844
Sugar;Shiba;adult;606-50-9317
Charlie;Briard;young;158-03-9078
Zeus;Scottish Deerhound;senior;351-37-4315
Precious;Affenpinscher;puppy;075-64-9513
Zeus;Irish Terrier;puppy;624-04-5159
Lily;Pug;young;607-29-7238
Gracie;Irish Terrier;adult;143-23-4911
Luna;Golden Retriever;young;863-61-0252
Baxter;Cairn;adult;376-79-7453
Luna;Silky Terrier;adult;472-77-9409
Sadie;English Springer;puppy;829-57-4705
Bailey;Irish Setter;senior;211-94-0876
Luna;Wheaten Terrier;senior;282-77-6412
Casey;Bedlington Terrier;puppy;148-91-2361
Honey;Pembroke;puppy;312-37-8426
Brutus;Newfoundland;puppy;454-18-4932
Buddy;Golden Retriever;young;621-12-7081
Zeus;Doberman;adult;795-19-8321
Jake;Basenji;puppy;155-94-7491
Rascal;Redbone;young;297-36-9151
Bear;Eskimo;adult;774-56-3672
Ruby;Doberman;young;342-44-5181
Sandy;Patterdale Terrier;senior;472-77-9409
Lucy;Pembroke;puppy;293-94-2553
Snoopy;Saluki;senior;564-10-9910
Casey;Briard;puppy;317-54-5740
Ginger;Shiba;young;756-86-1997
Milo;Gordon Setter;adult;803-93-7051
Honey;Brabancon;puppy;654-56-0859
Buddy;French Bulldog;senior;061-24-5320
Rascal;Miniature Schnauzer;adult;130-53-1864
Sasha;Boston Bulldog;young;164-56-1342
Bear;Miniature Poodle;young;265-55-8573
Bandit;Irish Spaniel;young;847-74-2305
Luna;Flatcoated Retriever;senior;618-22-5152
Bo;Tibetan Mastiff;adult;352-50-9503
Teddy;Cairn;young;132-98-4496
Sammy;Cairn;adult;074-99-9543
Diamond;Entlebucher;adult;592-92-4191
Peanut;Chow;puppy;288-85-2856
Sassy;Malamute;adult;254-62-7842
Bailey;Pomeranian;puppy;681-14-8821
Angel;Golden Retriever;young;108-81-8241
Oscar;Pekinese;puppy;655-98-1979
Rusty;Eskimo;young;691-21-0543
Penny;Dandie Terrier;young;381-92-3769
Snickers;Eskimo;adult;211-94-0876
Snoopy;Cairn;puppy;326-20-5689
Roxy;Vizsla;puppy;870-04-6844
Snickers;Tibetan Mastiff;young;842-69-9141
Luna;English Hound;senior;513-48-3905
Honey;Afghan Hound;adult;875-45-6325
Rusty;Cocker Spaniel;adult;835-55-3033
Bandit;Dingo;adult;035-01-1740
Sandy;Pembroke;senior;246-18-0998
Rosie;Germanshepherd;adult;029-18-1290
Bella;Pyrenees;young;618-22-5152
Bella;Norwich Terrier;senior;824-49-9554
Chloe;Kerryblue Terrier;puppy;886-64-6896
Lucky;Chow;young;563-52-7000
Duke;Papillon;young;569-84-6193
Dixie;Shetland Sheepdog;adult;103-86-1796
Maggie;Coonhound;young;678-59-1255
Abby;Golden Retriever;adult;513-48-3905
Maggie;English Springer;young;381-92-9182
Daisy;English Sheepdog;adult;263-40-4533
Chance;Boston Bulldog;senior;688-58-9207
Abby;Chesapeake Retriever;adult;864-63-8234
Duke;Irish Terrier;puppy;365-07-1389
Spike;Maltese;senior;074-96-8961
Baxter;Miniature Poodle;senior;326-62-0516
Toby;Groenendael;puppy;739-01-4458
Tank;Chesapeake Retriever;senior;854-12-6905
Lily;Great Dane;young;795-19-8321
Patches;Briard;puppy;391-76-8258
Lilly;Basenji;adult;800-73-3796
Chico;Toy Poodle;adult;829-57-4705
Maggie;Borzoi;puppy;578-66-2768
Gizmo;Dachshund;young;324-03-7539
Shelby;Italian Greyhound;adult;381-92-1455
Daisy;Stbernard;puppy;788-25-8367
Abby;Clumber;adult;717-03-7834
Coco;Tibetan Terrier;puppy;854-64-7960
Honey;Fox Terrier;young;376-79-7453
Taz;Saluki;adult;633-61-0209
Cookie;English Sheepdog;senior;265-55-8573
Shelby;Blenheim Spaniel;puppy;799-18-4070
Jack;Giant Schnauzer;young;511-25-1688
Lilly;Norfolk Terrier;young;833-62-0560
Tucker;Schipperke;young;420-58-9077
Cocoa;Pomeranian;puppy;659-70-8468
Sam;Blenheim Spaniel;puppy;842-69-9141
Lily;Leonberg;senior;199-02-1904
Sadie;Husky;puppy;094-67-9246
Shadow;Chow;adult;587-21-8703
Coco;Brittany Spaniel;adult;684-86-2222
Sparky;Great Dane;senior;004-07-8169
Daisy;French Bulldog;senior;460-73-9886
Jake;Basenji;puppy;513-48-3905
Rocky;Miniature Schnauzer;adult;493-49-8435
Pepper;Cairn;puppy;870-04-6844
Tyson;Coonhound;puppy;621-59-4389
Duke;Norfolk Terrier;adult;661-67-4432
Diesel;Newfoundland;adult;326-62-0516
Penny;African;senior;158-03-9078
Sammy;Redbone;adult;183-98-9475
Zoey;Golden Retriever;young;685-17-2312
Blue;Staffordshire Bullterrier;puppy;675-08-9104
Lily;German Pointer;puppy;075-64-9513
Luna;Samoyed;puppy;671-91-9331
Sam;Papillon;senior;497-02-8147
Tucker;Pyrenees;adult;727-26-6893
Rocky;Westhighland Terrier;senior;492-28-5592
Rex;Saluki;puppy;035-01-1740
Zoey;Bull Mastiff;adult;608-75-4240
Chance;Bluetick;young;122-03-0495
Rosie;Airedale;puppy;709-66-0766
Chance;Entlebucher;senior;201-37-6182
Rascal;Eskimo;senior;611-35-5647
Annie;Shetland Sheepdog;senior;022-70-1100
Duke;Japanese Spaniel;senior;151-61-5370
Pepper;Saluki;adult;757-12-2808
Ginger;Ibizan Hound;adult;504-90-5175
Bo;Border Terrier;senior;198-53-0096
Milo;Rhodesian Ridgeback;young;754-03-9790
Riley;Newfoundland;young;829-30-4785
Bailey;Gordon Setter;adult;523-44-4451
Baxter;Airedale;adult;075-64-9513
Bailey;American Terrier;adult;328-31-5710
Baby;Australian Terrier;adult;166-95-2582
Sparky;Bernese Mountain;adult;333-77-9766
Harley;Irish Spaniel;adult;258-38-1877
Tyson;Saluki;puppy;675-08-9104
Shadow;Mexicanhairless;young;757-12-2808
Teddy;Dingo;senior;854-40-2482
Rusty;Brittany Spaniel;puppy;230-20-9421
Dixie;Otterhound;senior;196-81-5671
Bubba;Newfoundland;puppy;599-95-7602
Jasper;Australian Terrier;senior;449-63-2220
Rascal;Cardigan Corgi;young;650-77-6443
Sophie;Japanese Spaniel;puppy;769-09-5009
Peanut;English Sheepdog;adult;787-96-9690
Rusty;Basset Hound;adult;492-28-5592
Chloe;English Springer;puppy;713-59-1659
Misty;Miniature Pinscher;adult;246-34-9962
Lily;Walker Hound;puppy;254-62-7842
Diamond;Shetland Sheepdog;puppy;449-63-2220
Dakota;Bernese Mountain;adult;425-03-0843
Cookie;Scottish Terrier;young;357-48-6155
Taz;Schipperke;adult;611-35-5647
Bear;Borzoi;senior;235-34-1022
Dixie;Cocker Spaniel;puppy;718-56-2138
Oscar;Pembroke;adult;842-69-9141
Princess;Wheaten Terrier;young;509-27-1013
Sugar;Border Collie;adult;275-28-1510
Sophie;Germanshepherd;young;166-95-2582
Milo;Golden Retriever;young;293-94-2553
Sophie;Westhighland Terrier;adult;568-66-9393
Rex;Sealyham Terrier;senior;038-77-1921
Daisy;Afghan Hound;adult;092-16-2759
Taz;Bull Mastiff;adult;343-14-4077
Casey;Sussex Spaniel;senior;371-52-7234
Marley;Norwegian Elkhound;young;605-73-3383
Snoopy;Dachshund;puppy;030-48-5838
Shelby;Mexicanhairless;adult;049-85-0738
Gracie;Borzoi;young;880-40-3759
Precious;Clumber;young;029-18-1290
Coco;Stbernard;puppy;130-53-1864
Duke;Toy Poodle;adult;548-46-7757
Jack;Japanese Spaniel;adult;792-81-6777
Mia;Bernese Mountain;puppy;716-06-1340
Zoey;Fox Terrier;young;350-96-2337
Missy;Miniature Poodle;young;130-53-1864
Milo;Rottweiler;adult;453-38-9698
Buddy;Norwegian Elkhound;puppy;861-79-9447
Angel;Patterdale Terrier;puppy;265-55-8573
Tyson;Eskimo;senior;320-69-6052
Peanut;Pekinese;young;246-03-9648
Gracie;French Bulldog;puppy;679-46-1608
Buster;Dingo;young;751-39-7562
Bear;Shetland Sheepdog;senior;799-18-4070
Princess;Shihtzu;adult;679-46-1608
Casey;Ibizan Hound;young;229-65-9117
Ruby;Kelpie;puppy;573-94-7886
Tyson;Mexicanhairless;senior;201-01-5705
Rosie;Irish Spaniel;adult;578-66-2768
Bear;Basenji;young;509-27-1013
Rusty;Dandie Terrier;young;049-85-0738
Cody;Newfoundland;adult;032-86-3691
Molly;Akita;senior;399-59-9632
Rascal;Scottish Terrier;puppy;637-35-7008
Sasha;Border Collie;senior;189-24-2402
Casey;Toy Terrier;young;115-66-0086
Baxter;Westhighland Terrier;senior;143-23-4911
Taz;American Terrier;senior;698-17-4657
Precious;Whippet;senior;599-57-0846
Coco;Stbernard;senior;819-52-3520
Sassy;Redbone;senior;610-35-5425
Lilly;Eskimo;adult;386-76-7203
Brutus;Coonhound;puppy;592-92-4191
Cookie;Basenji;adult;202-51-0182
Ginger;German Pointer;adult;189-24-2402
Jack;Shihtzu;young;757-21-3332
Cookie;Basenji;senior;106-36-4146
Lilly;Walker Hound;senior;108-91-7588
Sophie;Airedale;young;147-09-3700
Roxy;Clumber;adult;286-22-2340
Bailey;Brittany Spaniel;adult;069-17-0568
Sassy;Dingo;senior;569-84-6193
Pepper;Italian Greyhound;adult;532-76-4995
Snoopy;Boxer;young;832-08-6386
Maggie;Cairn;adult;453-56-1232
Belle;English Setter;young;744-81-0923
Brutus;Rhodesian Ridgeback;young;236-63-4954
Molly;Irish Terrier;adult;788-30-3888
Jack;Doberman;puppy;806-55-1217
Gracie;Kerryblue Terrier;young;717-49-8458
Honey;Toy Terrier;young;845-58-5710
Lucky;Toy Poodle;senior;453-56-1232
Bubba;English Setter;adult;381-92-1455
Penny;Rat Terrier;young;717-49-8458
Taz;Irish Terrier;young;059-65-5337
Lola;Shihtzu;senior;148-91-2361
Sugar;Rat Terrier;young;288-78-6990
Penny;Miniature Poodle;senior;605-73-3383
Milo;Tibetan Terrier;adult;192-15-4457
Roxie;Giant Schnauzer;adult;352-30-8844
Chloe;Italian Greyhound;puppy;312-37-8426
Shelby;Australian Terrier;senior;589-33-4275
Sadie;Leonberg;senior;074-99-9543
Taz;Basenji;puppy;288-78-6990
Sassy;English Hound;puppy;836-28-6844
Shelby;Scottish Deerhound;adult;807-46-3996
Scooter;Malinois;young;678-18-4673
Belle;English Hound;senior;652-83-5384
Milo;American Terrier;adult;679-46-1608
Buster;Borzoi;adult;886-70-8188
Bubba;Papillon;puppy;593-65-5149
Sadie;Miniature Schnauzer;puppy;886-64-6896
Chloe;Gordon Setter;puppy;061-24-5320
Shadow;Chow;adult;786-52-9232
Diesel;Malinois;puppy;870-04-6844
Patches;Stbernard;young;037-57-6466
Dakota;Maltese;senior;578-66-2768
Scooter;Bull Mastiff;adult;605-73-3383
Jack;Welsh Spaniel;senior;771-78-3599
Snoopy;Tibetan Mastiff;puppy;074-99-9543
Scooter;French Bulldog;adult;684-51-6222
Cookie;Border Collie;puppy;691-21-0543
Honey;Dhole;young;460-73-9886
Chico;Basset Hound;young;357-48-6155
Charlie;Boxer;adult;691-70-1481
Chico;Blenheim Spaniel;puppy;833-62-0560
Murphy;Brittany Spaniel;senior;506-51-3124
Abby;Miniature Poodle;adult;449-63-2220
Bruno;English Setter;adult;681-14-8821
Belle;Norwegian Elkhound;adult;523-44-4451
Rosie;Chesapeake Retriever;senior;335-95-6594
Patches;Irish Setter;senior;246-34-9962
Teddy;Chihuahua;adult;462-14-2511
Marley;Shihtzu;puppy;833-62-0560
Jasper;Bouvier;puppy;024-53-2983
Casey;Papillon;adult;249-41-6372
Precious;Basenji;puppy;544-22-4051
Oreo;Pyrenees;young;537-85-1141
Sandy;Chow;young;253-40-8625
Sassy;Husky;puppy;626-08-3694
Patches;Miniature Pinscher;senior;523-44-4451
Sophie;Norwich Terrier;adult;679-46-1608
Zeus;Staffordshire Bullterrier;senior;005-39-9628
Princess;Keeshond;young;399-15-8781
Shelby;Japanese Spaniel;puppy;588-79-1771
Lola;French Bulldog;adult;111-95-7989
Roxy;Stbernard;young;715-58-9946
Riley;Briard;senior;719-76-9767
Snickers;Scottish Deerhound;puppy;312-37-8426
Lexi;Kerryblue Terrier;puppy;074-96-8961
Chico;Irish Terrier;senior;819-52-3520
Sammy;Saluki;adult;255-87-4436
Bailey;Labrador;adult;889-36-0604
Milo;Miniature Pinscher;puppy;263-53-6830
Baxter;Swiss Mountain;senior;504-41-4104
Chico;Pug;senior;482-89-0946
Milo;Weimaraner;puppy;021-82-1809
Shelby;English Sheepdog;senior;375-20-3592
Teddy;Entlebucher;senior;679-46-1608
Lily;Blenheim Spaniel;puppy;342-44-5181
Duke;Yorkshire Terrier;young;460-73-9886
Tucker;Lakeland Terrier;adult;768-84-5482
Princess;Malinois;adult;563-50-8221
Sadie;Schipperke;adult;265-55-8573
Toby;Kerryblue Terrier;adult;573-94-7886
Honey;Wheaten Terrier;senior;847-74-2305
Rascal;Vizsla;puppy;281-98-6711
Gracie;Bull Mastiff;puppy;283-74-4136
Penny;Irish Setter;puppy;610-35-5425
Ruby;Malamute;adult;833-62-0560
Jack;Dingo;adult;025-63-0259
Lilly;Italian Greyhound;young;555-30-0895
Zoey;Welsh Spaniel;puppy;246-34-9962
Sasha;Norfolk Terrier;puppy;701-78-7830
Lily;Curly Retriever;senior;293-94-2553
Lilly;Papillon;senior;861-79-9447
Bailey;Clumber;senior;824-49-9554
Scooter;Komondor;puppy;504-90-5175
Annie;Yorkshire Terrier;young;875-45-6325
Taz;Bouvier;young;293-94-2553
Patches;Affenpinscher;young;349-31-7918
Sassy;Pug;young;106-36-4146
Sammy;Borzoi;puppy;340-66-1512
Scooter;Bouvier;adult;779-23-4585
Toby;Italian Greyhound;senior;633-61-0209
Milo;Welsh Spaniel;adult;376-79-7453
Princess;Cairn;young;391-26-1193
Tank;Sussex Spaniel;senior;679-46-1608
Charlie;Lakeland Terrier;senior;215-79-3274
Sandy;Chesapeake Retriever;puppy;399-59-9632
Precious;Affenpinscher;adult;493-49-8435
Jake;Leonberg;young;675-08-9104
Bubba;Wheaten Terrier;adult;691-70-1481
Lucky;Chihuahua;puppy;568-66-9393
Harley;Staffordshire Bullterrier;young;547-68-9136
Tucker;English Hound;puppy;041-60-1801
Gizmo;Cardigan Corgi;adult;523-44-4451
Cooper;Miniature Schnauzer;puppy;396-53-5153
Bubba;Bernese Mountain;adult;016-79-8443
Marley;Afghan Hound;puppy;779-23-4585
Daisy;Great Dane;adult;691-21-0543
Buster;Mexicanhairless;puppy;024-53-2983
Snoopy;Miniature Schnauzer;young;156-34-4574
Chloe;Bull Mastiff;adult;828-51-8693
Luna;Dachshund;adult;049-85-0738
Brutus;Borzoi;senior;331-61-9759
Annie;Maltese;senior;130-53-1864
Taz;Curly Retriever;senior;411-52-2739
Bailey;Curly Retriever;puppy;562-25-8523
Diesel;Bluetick;senior;889-36-0604
Cocoa;American Terrier;young;788-25-8367
Toby;Swiss Mountain;adult;250-86-4527
Zeus;Coonhound;adult;654-56-0859
Chloe;French Bulldog;adult;147-09-3700
Tank;Tibetan Terrier;adult;879-38-6993
Marley;Boston Bulldog;young;240-46-3748
Oreo;Scottish Deerhound;puppy;454-18-4932
Zoe;Scottish Deerhound;young;493-99-7967
Oreo;Pug;young;864-63-8234
Roxie;Weimaraner;puppy;717-49-8458
Zeus;Pembroke;senior;732-95-0217
Marley;Brittany Spaniel;senior;675-36-3708
Casey;Scottish Terrier;puppy;504-77-4061
Penny;Basset Hound;puppy;854-12-6905
Penny;Newfoundland;young;032-86-3691
Baby;Papillon;puppy;605-73-3383
Lilly;Staffordshire Bullterrier;puppy;330-45-3316
Shadow;Germanshepherd;young;803-93-7051
Precious;Dingo;puppy;392-73-7127
Maggie;Irish Terrier;young;025-63-0259
Jasmine;Saluki;puppy;588-79-1771
Sophie;Schipperke;puppy;202-51-0182
Roxy;Walker Hound;young;600-48-5894
Molly;Brittany Spaniel;young;378-45-1005
Charlie;Shetland Sheepdog;puppy;482-89-0946
Belle;Groenendael;young;504-90-5175
Cooper;Swiss Mountain;senior;188-26-9498
Sugar;Komondor;adult;384-79-6749
Lola;Redbone;young;300-23-8915
Scooter;Border Terrier;young;701-78-7830
Honey;Dingo;senior;211-94-0876
Tyson;Tibetan Terrier;puppy;460-45-4024
Lexi;Otterhound;senior;604-36-0037
Murphy;Stbernard;young;854-12-6905
Riley;Komondor;young;340-60-7163
Lucy;Rhodesian Ridgeback;senior;674-06-9252
Ginger;Doberman;puppy;024-53-2983
Bubba;Giant Schnauzer;young;476-76-7230
Zoey;English Hound;adult;472-73-9372
Jasmine;Leonberg;young;420-58-9077
Luna;Italian Greyhound;puppy;283-74-4136
Shelby;Pyrenees;puppy;265-55-8573
Milo;Pug;senior;863-61-0252
Cocoa;Pomeranian;adult;784-86-3829
Sadie;Sealyham Terrier;adult;539-71-0295
Chico;Newfoundland;young;392-18-6400
Rusty;Great Dane;senior;384-53-4942
Rascal;Vizsla;senior;093-53-4636
Tank;Beagle;puppy;624-54-1901
Sassy;Staffordshire Bullterrier;young;396-53-5153
Zoe;Italian Greyhound;puppy;678-18-4673
Dixie;Samoyed;adult;102-92-4531
Sam;Flatcoated Retriever;young;390-93-6308
Rusty;Yorkshire Terrier;adult;378-45-1005
Bruno;Akita;adult;094-67-9246
Honey;Staffordshire Bullterrier;adult;842-07-1857
Buster;Chihuahua;puppy;493-49-8435
Rosie;Chesapeake Retriever;puppy;288-85-2856
Dixie;Australian Terrier;adult;386-67-0441
Sophie;Schipperke;puppy;654-56-0859
Sam;Staffordshire Bullterrier;young;449-63-2220
Zoey;Clumber;senior;547-68-9136
Patches;Pyrenees;adult;327-33-1498
Sasha;Pembroke;senior;288-78-6990
Harvey;Schipperke;puppy;215-79-3274
Tyson;Pekinese;adult;731-28-7468
Charlie;Giant Schnauzer;young;359-55-9913
Tucker;Norfolk Terrier;senior;668-64-8621
Bandit;Malinois;adult;799-18-4070
Blue;Shetland Sheepdog;senior;819-52-3520
Lexi;Irish Setter;young;148-66-4957
Tucker;Affenpinscher;senior;848-88-6029
Abby;Keeshond;puppy;509-27-1013
Jasmine;Fox Terrier;puppy;563-50-8221
Cooper;Australian Terrier;puppy;585-60-7341
Diesel;Saluki;puppy;803-93-7051
Princess;Cairn;senior;023-63-2812
Dakota;Swiss Mountain;puppy;438-15-3800
Shadow;Sussex Spaniel;puppy;333-77-9766
Toby;Labrador;young;490-36-0324
Diesel;Miniature Poodle;puppy;082-71-5945
Lady;American Terrier;senior;378-09-0526
Misty;Kelpie;senior;587-21-8703
Lola;Irish Setter;young;012-83-1282
Cody;Westhighland Terrier;senior;417-34-9445
Rusty;Australian Terrier;puppy;130-53-1864
Tyson;Weimaraner;senior;250-86-4527
Casey;Pug;puppy;863-61-0252
Tyson;Akita;puppy;423-96-8842
Roxie;Papillon;adult;023-73-4482
Sassy;Silky Terrier;young;511-25-1688
Ruby;Giant Schnauzer;puppy;797-20-7861
Chico;Blood Hound;senior;589-81-8122
Cody;Staffordshire Bullterrier;senior;255-87-4436
Duke;Afghan Hound;puppy;399-15-8781
Lily;Appenzeller;puppy;657-57-1953
Lucky;Chow;puppy;633-49-6208
Teddy;Miniature Pinscher;senior;578-66-2768
Precious;Patterdale Terrier;puppy;246-34-9962
Jasper;Tibetan Mastiff;senior;684-75-6209
Angel;Cocker Spaniel;senior;476-76-7230
Annie;Bouvier;senior;143-23-4911
Ginger;Beagle;adult;291-45-4341
Harley;Curly Retriever;senior;558-31-9469
Lily;Italian Greyhound;puppy;528-81-9487
Tyson;Kuvasz;young;160-20-6676
Penny;Malamute;puppy;340-38-6047
Roxy;Kuvasz;adult;847-74-2305
Rocky;Maltese;puppy;790-16-3387
Missy;Newfoundland;young;454-18-4932
Charlie;Sealyham Terrier;young;828-51-8693
Lola;Border Collie;puppy;102-92-4531
Tyson;Great Dane;young;340-66-1512
Shelby;American Terrier;senior;494-95-2088
Shelby;Cardigan Corgi;puppy;664-46-1755
Duke;Irish Terrier;puppy;562-25-8523
Baby;Bluetick;senior;012-83-1282
Lilly;Walker Hound;adult;115-66-0086
Zoey;Keeshond;puppy;209-27-0616
Snickers;Sussex Spaniel;senior;332-22-6459
Tucker;Saluki;young;192-15-4457
Luna;Blenheim Spaniel;young;679-46-1608
Diesel;African;adult;599-54-7824
Buster;Westhighland Terrier;young;548-46-7757
Oreo;Husky;senior;133-26-1899
Diamond;Rhodesian Ridgeback;puppy;651-90-4725
Casey;Norfolk Terrier;senior;731-28-7468
Toby;Gordon Setter;puppy;054-34-2382
Rusty;Schipperke;senior;079-14-3660
Toby;Lakeland Terrier;young;504-41-4104
Rascal;Giant Schnauzer;young;548-46-7757
Coco;Miniature Schnauzer;puppy;886-70-8188
Sadie;Shihtzu;puppy;021-14-0718
Bo;Labrador;young;347-28-5518
Mia;Silky Terrier;young;496-99-7963
Riley;Newfoundland;young;347-28-5518
Jack;Gordon Setter;senior;025-63-0259
Patches;Redbone;puppy;342-44-5181
Rocky;Miniature Schnauzer;adult;246-34-9962
Princess;Scottish Terrier;adult;460-73-9886
Chico;Kuvasz;adult;022-37-7624
Oscar;Sussex Spaniel;puppy;686-21-1266
Belle;Curly Retriever;adult;698-17-4657
Brutus;Swiss Mountain;puppy;411-52-2739
Tank;American Terrier;adult;590-69-8848
Lily;Labrador;senior;074-99-9543
Patches;Newfoundland;adult;854-64-7960
Dakota;Walker Hound;puppy;698-17-4657
Rocky;Irish Terrier;senior;032-86-3691
Sammy;Basset Hound;senior;335-95-6594
Teddy;Rottweiler;senior;797-20-7861
Bear;Staffordshire Bullterrier;young;054-34-2382
Tucker;Welsh Spaniel;adult;365-07-1389
Tank;Great Dane;puppy;506-71-0744
Rocky;Leonberg;adult;340-38-6047
Annie;Toy Poodle;young;823-01-8936
Annie;Giant Schnauzer;puppy;164-56-1342
Chico;Rottweiler;adult;555-39-4105
Bubba;Weimaraner;senior;845-58-5710
Lola;Border Collie;young;023-63-2812
Casey;Norfolk Terrier;senior;745-17-1498
Bella;Irish Spaniel;young;382-05-1582
Pepper;Husky;adult;061-38-9131
Missy;Pyrenees;senior;757-12-2808
Baxter;English Springer;young;246-18-0998
Oscar;Miniature Poodle;senior;754-03-9790
Shelby;Keeshond;young;497-02-8147
Abby;Swiss Mountain;young;581-03-2827
Princess;Bernese Mountain;senior;023-73-4482
Lily;Labrador;young;130-53-1864
Cookie;Coonhound;adult;832-56-8332
Oreo;Basenji;young;251-64-4755
Snoopy;Cardigan Corgi;senior;624-54-1901
Bo;Walker Hound;adult;240-46-3748
Ruby;English Sheepdog;puppy;079-14-3660
Snickers;Fox Terrier;adult;283-74-4136
Harvey;Welsh Spaniel;puppy;350-96-2337
Coco;Border Terrier;puppy;229-65-9117
Bo;Rhodesian Ridgeback;young;340-38-6047
Rocky;Yorkshire Terrier;young;004-07-8169
Duke;Doberman;young;435-25-1747
Mia;Boston Bulldog;adult;049-85-0738
Pepper;Boston Bulldog;adult;384-53-4942
Taz;Tibetan Mastiff;puppy;564-10-9910
Annie;Borzoi;puppy;500-80-5021
Brutus;Bull Mastiff;puppy;535-83-0347
Sandy;Shetland Sheepdog;senior;691-70-1481
Bubba;Pyrenees;puppy;568-25-9087
Honey;Brabancon;senior;516-72-9445
Brutus;Schipperke;young;757-21-3332
Baxter;Wheaten Terrier;young;242-99-1678
Sam;Golden Retriever;puppy;680-13-7936
Sandy;Akita;puppy;799-18-4070
Taz;Pomeranian;puppy;229-65-9117
Toby;Standard Poodle;senior;324-03-7539
Jake;Patterdale Terrier;young;558-31-9469
Ginger;English Setter;adult;843-25-9697
Charlie;Redbone;young;293-94-2553
Patches;English Hound;senior;718-56-2138
Abby;Cairn;puppy;829-74-2633
Snoopy;Shihtzu;adult;234-83-1436
Sandy;English Setter;senior;188-26-9498
Baxter;Weimaraner;puppy;391-79-6810
Marley;Wheaten Terrier;senior;526-07-6070
Shelby;Border Collie;senior;715-58-9946
Jasper;Airedale;young;131-91-7535
Coco;Bull Mastiff;senior;378-45-1005
Mia;Swiss Mountain;puppy;777-82-7110
Blue;Border Collie;young;771-78-3599
Zoe;Tibetan Mastiff;puppy;590-69-8848
Snoopy;American Terrier;senior;230-20-9421
Cookie;Malamute;adult;317-54-5740
Diamond;Germanshepherd;adult;696-66-2798
Sugar;Dandie Terrier;adult;563-52-7000
Teddy;African;senior;569-84-6193
Dakota;Pug;puppy;155-94-7491
Zeus;Lakeland Terrier;senior;587-14-4637
Roxie;Pyrenees;young;757-12-2808
Snoopy;French Bulldog;senior;326-20-5689
Bandit;Toy Terrier;young;745-17-1498
Lady;Whippet;puppy;041-08-5461
Rascal;Dhole;adult;870-04-6844
Sassy;Schipperke;young;132-23-0314
Lucy;Dandie Terrier;puppy;648-31-8133
Duke;Sussex Spaniel;adult;219-56-1422
Rosie;Husky;puppy;242-99-1678
Cody;Germanshepherd;senior;021-14-0718
Mia;Great Dane;senior;718-56-2138
Tucker;Labrador;puppy;375-20-3592
Lilly;Keeshond;young;030-48-5838
Spike;Westhighland Terrier;adult;713-59-1659
Honey;Bluetick;adult;493-49-8435
Tucker;Kelpie;puppy;059-65-5337
Lilly;Schipperke;senior;324-03-7539
Jasmine;Pyrenees;senior;340-66-1512
Sam;Miniature Poodle;young;699-80-9603
Lucky;Bull Mastiff;senior;373-17-5774
Rusty;Stbernard;adult;347-28-5518
Brutus;Maltese;young;806-55-1217
Diesel;Eskimo;young;847-74-2305
Belle;Toy Poodle;senior;281-98-6711
Snickers;Otterhound;young;544-22-4051
Charlie;Basenji;young;076-76-6773
Murphy;Staffordshire Bullterrier;puppy;312-37-8426
Penny;Toy Terrier;young;370-02-8321
Bear;Doberman;adult;297-36-9151
Max;Keeshond;puppy;006-83-7401
Tank;Norwegian Elkhound;adult;381-92-1455
Duke;Dandie Terrier;young;798-42-9546
Shelby;Akita;adult;537-85-1141
Sasha;Toy Poodle;senior;310-11-6044
Daisy;Eskimo;puppy;156-34-4574
Misty;Bluetick;puppy;392-73-7127
Pepper;Staffordshire Bullterrier;young;148-66-4957
Rosie;Welsh Spaniel;adult;659-70-8468
Zoe;German Pointer;puppy;453-38-9698
Lola;Newfoundland;adult;843-25-9697
Duke;Lhasa;puppy;029-18-1290
Patches;Westhighland Terrier;senior;396-53-5153
Buddy;Staffordshire Bullterrier;puppy;288-78-6990
Honey;Norwich Terrier;puppy;265-55-8573
Taz;Bull Mastiff;adult;513-48-3905
Diesel;Coonhound;puppy;263-53-6830
Zoey;Malinois;senior;004-07-8169
Gracie;Pug;adult;678-59-1255
Diamond;Golden Retriever;adult;837-49-9891
Rascal;Coonhound;adult;513-48-3905
Gracie;Labrador;senior;678-59-1255
Luna;Kuvasz;senior;546-40-1721
Penny;Patterdale Terrier;puppy;637-86-4461
Bo;Italian Greyhound;puppy;715-58-9946
Cocoa;Entlebucher;adult;472-73-9372
Oscar;Irish Terrier;senior;617-71-8098
Bella;Scottish Terrier;young;841-93-1833
Max;Swiss Mountain;young;680-13-7936
Bruno;Akita;young;234-83-1436
Belle;Airedale;puppy;637-35-7008
Sassy;Kerryblue Terrier;puppy;523-44-4451
Lady;Miniature Schnauzer;adult;005-39-9628
Angel;Blood Hound;adult;158-03-9078
Diesel;Pomeranian;puppy;347-28-5518
Jake;Chow;young;023-73-4482
Cooper;Basset Hound;senior;733-31-3369
Sparky;Bouvier;young;506-71-0744
Sam;Pyrenees;adult;563-52-7000
Taz;Walker Hound;adult;599-95-7602
Precious;Weimaraner;puppy;347-28-5518
Dixie;Silky Terrier;senior;450-97-2631
Jake;Schipperke;senior;352-50-9503
Scooter;Pomeranian;senior;020-13-5328
Sasha;Curly Retriever;young;032-86-3691
Bandit;Boxer;young;067-85-1032
Rascal;Norwegian Elkhound;puppy;790-09-3796
Cody;English Hound;puppy;203-67-4781
Bella;Silky Terrier;young;384-53-4942
Angel;American Terrier;puppy;021-74-7767
Baxter;Flatcoated Retriever;puppy;882-50-5799
Molly;Tibetan Mastiff;puppy;745-17-1498
Cooper;Great Dane;puppy;373-17-5774
Molly;American Terrier;senior;828-51-8693
Gizmo;Irish Terrier;senior;111-95-7989
Chance;Beagle;young;648-31-8133
Lilly;Westhighland Terrier;puppy;546-40-1721
Baby;Bluetick;puppy;384-79-6749
Rusty;Basenji;young;255-87-4436
Buster;Bouvier;puppy;350-96-2337
Duke;Miniature Schnauzer;senior;464-05-3614
Abby;Blood Hound;young;601-85-4160
Sasha;Norwegian Elkhound;adult;803-93-7051
Toby;Scottish Deerhound;senior;023-63-2812
Chico;Flatcoated Retriever;adult;803-93-7051
Roxie;Pembroke;adult;621-59-4389
Princess;Tibetan Terrier;young;472-77-9409
Bruno;Pyrenees;adult;562-25-8523
Bo;Walker Hound;senior;757-21-3332
Shadow;Entlebucher;puppy;181-06-3503
Baxter;Malamute;young;895-04-9349
Chloe;Curly Retriever;senior;788-30-3888
Tyson;Rhodesian Ridgeback;young;879-38-6993
Buster;Redbone;puppy;804-29-6997
Rocky;Shihtzu;puppy;716-06-1340
Abby;Kelpie;young;569-84-6193
Rex;Bouvier;senior;286-22-2340
Riley;Chesapeake Retriever;adult;494-95-2088
Rascal;Dingo;adult;558-31-9469
Shadow;Patterdale Terrier;senior;699-80-9603
Coco;Irish Terrier;puppy;544-22-4051
Sammy;Japanese Spaniel;young;327-33-1498
Sandy;Bull Mastiff;young;799-18-4070
Bo;Welsh Spaniel;puppy;021-74-7767
Belle;Basenji;adult;589-81-8122
Jasmine;Lakeland Terrier;adult;717-49-8458
Abby;Scottish Deerhound;senior;491-56-8576
Riley;Basset Hound;puppy;242-99-1678
Lucy;Bluetick;young;061-38-9131
Annie;Tibetan Mastiff;young;032-86-3691
Luna;Lhasa;young;610-35-5425
Brutus;Standard Poodle;puppy;771-78-3599
Blue;Fox Terrier;puppy;769-09-5009
Shelby;Dingo;puppy;829-74-2633
Pepper;Curly Retriever;senior;253-40-8625
Penny;Irish Wolfhound;adult;132-23-0314
Cookie;Keeshond;young;713-59-1659
Shelby;Pembroke;adult;567-04-8072
Milo;Rottweiler;senior;599-95-7602
Gracie;Germanshepherd;puppy;385-50-1384
Harvey;Sussex Spaniel;puppy;751-39-7562
Jasmine;Shihtzu;senior;698-17-4657
Patches;Groenendael;senior;087-27-0773
Sassy;Border Collie;senior;555-39-4105
Lucky;Yorkshire Terrier;puppy;156-78-3378
Marley;Affenpinscher;young;716-06-1340
Ginger;Lakeland Terrier;adult;478-79-4718
Ruby;Whippet;young;375-20-3592
Lady;Tibetan Mastiff;puppy;657-57-1953
Sophie;Miniature Poodle;senior;680-13-7936
Gizmo;Wheaten Terrier;young;399-59-9632
Lily;Husky;puppy;079-14-3660
Sparky;Bedlington Terrier;puppy;806-55-1217
Rex;Sealyham Terrier;senior;795-84-2848
Roxy;Labrador;young;021-74-7767
Ginger;Germanshepherd;puppy;790-17-9070
Dixie;Blenheim Spaniel;puppy;693-98-6583
Cocoa;Flatcoated Retriever;senior;854-12-6905
Snoopy;Bluetick;senior;709-66-0766
Sadie;Scottish Deerhound;adult;211-94-0876
Lexi;Bouvier;young;883-94-8756
Oreo;American Terrier;senior;637-86-4461
Charlie;Irish Setter;young;384-79-6749
Sophie;English Sheepdog;senior;464-05-3614
Abby;Norwegian Elkhound;adult;537-85-1141
Sammy;Ibizan Hound;young;274-47-4034
Sam;Tibetan Mastiff;young;308-07-9235
Snickers;Swiss Mountain;young;590-69-8848
Abby;Mexicanhairless;senior;342-44-5181
Jasper;Welsh Spaniel;adult;441-31-9522
Harley;Saluki;adult;592-92-4191
Cookie;Leonberg;puppy;462-14-2511
Lucy;Malinois;puppy;437-38-3234
Diesel;Briard;adult;022-37-7624
Teddy;Westhighland Terrier;puppy;784-86-3829
Marley;Rhodesian Ridgeback;adult;895-82-3549
Rusty;Rottweiler;puppy;025-63-0259
Ruby;Yorkshire Terrier;puppy;121-24-5795
Bailey;Miniature Pinscher;puppy;836-28-6844
Sasha;Norwich Terrier;young;035-01-1740
Mia;Eskimo;senior;030-48-5838
Oreo;Basenji;adult;587-21-8703
Pepper;Staffordshire Bullterrier;puppy;713-59-1659
Jake;Welsh Spaniel;adult;500-80-5021
Baxter;English Hound;senior;132-98-4496
Luna;American Terrier;senior;563-52-7000
Sassy;Beagle;puppy;029-18-1290
Dixie;Bluetick;adult;365-07-1389
Harley;Irish Spaniel;senior;413-68-6280
Sophie;Labrador;young;381-92-9182
Ginger;French Bulldog;puppy;214-77-9529
Pepper;Rottweiler;puppy;652-83-5384
Lola;Patterdale Terrier;puppy;192-15-4457
Tank;Vizsla;young;788-30-3888
Max;Miniature Poodle;young;771-78-3599
Shadow;Sealyham Terrier;young;139-70-8909
Coco;Doberman;adult;657-57-1953
Sassy;Shetland Sheepdog;adult;482-89-0946
Charlie;Flatcoated Retriever;young;008-64-5988
Blue;Border Terrier;young;439-89-5562
Buddy;Airedale;puppy;156-34-4574
Penny;Wheaten Terrier;young;386-76-7203
Zoe;Groenendael;senior;263-40-4533
Taz;Gordon Setter;adult;069-17-0568
Peanut;Chesapeake Retriever;senior;835-55-3033
Bandit;Husky;adult;547-68-9136
Lexi;Chow;senior;417-34-9445
Sasha;Malamute;senior;297-36-9151
Snickers;Australian Terrier;young;494-95-2088
Taz;Curly Retriever;senior;795-84-2848
Belle;Swiss Mountain;young;288-85-2856
Rusty;Lhasa;puppy;253-40-8625
Zoe;Miniature Schnauzer;adult;509-27-1013
Patches;Leonberg;adult;502-30-1537
Lola;Cairn;senior;511-25-1688
Bella;Labrador;senior;504-90-5175
Maggie;Weimaraner;puppy;876-08-4420
Precious;Miniature Pinscher;senior;399-15-8781
Penny;Whippet;puppy;542-36-2942
Sandy;Irish Terrier;senior;391-79-6810
Shadow;Kerryblue Terrier;puppy;829-45-9467
Princess;Japanese Spaniel;senior;005-39-9628
Jake;Norwich Terrier;puppy;390-93-6308
Jasmine;Curly Retriever;senior;562-25-8523
Tyson;Bedlington Terrier;senior;635-71-3763
Sammy;Bernese Mountain;young;504-90-5175
Teddy;Staffordshire Bullterrier;senior;343-14-4077
Spike;Weimaraner;senior;678-18-4673
Lady;Appenzeller;puppy;165-89-4205
Maggie;Afghan Hound;young;384-53-4942
Cookie;Bedlington Terrier;senior;365-07-1389
Harley;Ibizan Hound;puppy;496-25-4444
Brutus;Redbone;senior;685-17-2312
Baby;American Terrier;puppy;808-02-5379
Chance;Ibizan Hound;young;129-32-6989
Bruno;Ibizan Hound;senior;829-74-2633
Chico;Boston Bulldog;senior;626-08-3694
Honey;Irish Spaniel;adult;691-70-1481
Rascal;Tibetan Terrier;senior;340-38-6047
Princess;Keeshond;puppy;563-37-9200
Pepper;Westhighland Terrier;senior;454-18-4932
Max;Whippet;puppy;012-83-1282
Harvey;Tibetan Mastiff;puppy;158-03-9078
Sugar;Boston Bulldog;young;842-69-9141
Toby;Sealyham Terrier;adult;215-79-3274
Bubba;Basenji;puppy;439-89-5562
Misty;Scottish Deerhound;puppy;391-79-6810
Chance;Welsh Spaniel;adult;599-54-7824
Lucy;Miniature Schnauzer;puppy;413-68-6280
Ruby;Miniature Poodle;adult;568-66-9393
Tucker;Kerryblue Terrier;puppy;367-85-5293
Zeus;Pekinese;young;587-14-4637
Gracie;Cardigan Corgi;adult;012-83-1282
Milo;Border Collie;adult;265-55-8573
Honey;Brittany Spaniel;puppy;529-63-0749
Penny;Brabancon;young;713-59-1659
Dakota;Toy Terrier;adult;054-34-2382
Milo;Papillon;young;685-17-2312
Harvey;Westhighland Terrier;puppy;504-41-4104
Jasmine;Dandie Terrier;adult;558-31-9469
Sophie;Newfoundland;puppy;504-77-4061
Lady;Silky Terrier;senior;494-37-2543
Brutus;Norwegian Elkhound;young;606-50-9317
Sophie;Pomeranian;young;693-98-6583
Luna;Swiss Mountain;young;679-46-1608
Sandy;Rottweiler;puppy;370-02-8321
Molly;Doberman;adult;283-74-4136
Oreo;Maltese;senior;714-97-4450
Marley;Pekinese;senior;882-70-0255
Molly;Rhodesian Ridgeback;senior;190-04-4351
Tank;Basenji;adult;624-34-0999
Toby;Silky Terrier;adult;092-16-2759
Milo;Cairn;senior;234-83-1436
Murphy;Scottish Terrier;puppy;024-53-2983
Roxy;Walker Hound;puppy;633-49-6208
Lily;Miniature Poodle;young;537-85-1141
Angel;Shetland Sheepdog;young;592-92-4191
Gizmo;Lakeland Terrier;puppy;699-80-9603
Dakota;Blood Hound;adult;087-27-0773
Bubba;Shetland Sheepdog;senior;006-83-7401
Zoe;Kerryblue Terrier;puppy;199-67-8603
Bruno;Gordon Setter;puppy;585-60-7341
Lexi;Shiba;adult;005-39-9628
Sam;Eskimo;young;718-56-2138
Harley;Akita;senior;061-24-5320
Riley;English Springer;puppy;103-86-1796
Penny;French Bulldog;puppy;025-63-0259
Oscar;Eskimo;senior;006-83-7401
Blue;Labrador;puppy;842-07-1857
Maggie;Afghan Hound;puppy;214-77-9529
Gizmo;Miniature Schnauzer;puppy;558-31-9469
Rocky;Patterdale Terrier;young;847-74-2305
Angel;Shihtzu;senior;548-46-7757
Spike;Japanese Spaniel;senior;493-99-7967
Mia;Rottweiler;adult;199-67-8603
Murphy;Saluki;young;548-46-7757
Jake;Irish Spaniel;young;381-92-3769
Dixie;Miniature Pinscher;adult;286-22-2340
Tyson;Saluki;adult;160-20-6676
Precious;Stbernard;senior;478-79-4718
Bruno;Dandie Terrier;senior;875-45-6325
Mia;Husky;young;283-74-4136
Penny;Miniature Schnauzer;adult;883-94-8756
Lucy;Germanshepherd;young;835-55-3033
Taz;Saluki;young;201-01-5705
Bo;Japanese Spaniel;senior;352-50-9503
Jack;Scottish Deerhound;puppy;391-79-6810
Luna;Briard;adult;734-68-3620
Princess;Great Dane;senior;214-77-9529
Jack;Borzoi;puppy;004-07-8169
Bruno;Welsh Spaniel;young;340-66-1512
Diesel;Miniature Pinscher;adult;007-58-4459
Dakota;Basset Hound;senior;166-95-2582
Bailey;Scottish Deerhound;puppy;539-71-0295
Scooter;Curly Retriever;adult;493-99-7967
Tyson;Bluetick;senior;473-27-1976
Sassy;Otterhound;young;425-03-0843
Gracie;Bouvier;senior;829-45-9467
Abby;Pembroke;senior;021-82-1809
Chance;Maltese;puppy;537-85-1141
Roxie;Boxer;puppy;326-20-5689
Zoe;Bedlington Terrier;senior;365-07-1389
Cody;Appenzeller;senior;263-40-4533
Toby;Leonberg;young;384-98-1455
Lucky;Pug;puppy;229-65-9117
Maggie;Border Terrier;senior;714-97-4450
Pepper;Staffordshire Bullterrier;senior;103-26-2906
Bailey;Chow;young;895-04-9349
Riley;Bouvier;senior;895-04-9349
Charlie;English Setter;young;727-26-6893
Max;Bouvier;young;147-09-3700
Sandy;Schipperke;senior;790-09-3796
Oreo;Standard Poodle;senior;476-76-7230
Bandit;Weimaraner;senior;340-38-6047
Diesel;Airedale;senior;655-98-1979
Bear;Border Collie;adult;007-58-4459
Penny;Blenheim Spaniel;young;494-37-2543
Jasper;Boxer;young;681-14-8821
Dixie;Malinois;adult;516-72-9445
Roxie;Bernese Mountain;senior;713-59-1659
Cooper;Staffordshire Bullterrier;senior;491-56-8576
Sparky;Bluetick;young;320-69-6052
Murphy;Lhasa;adult;819-52-3520
Casey;Rottweiler;senior;592-92-4191
Jasper;Rottweiler;young;061-24-5320
Tyson;Ibizan Hound;senior;326-62-0516
Luna;Tibetan Terrier;young;734-68-3620
Chance;Bluetick;adult;291-45-4341
Sassy;Chow;adult;024-53-2983
Duke;Schipperke;senior;513-48-3905
Molly;Pembroke;puppy;103-26-2906
Blue;Basset Hound;young;179-56-6642
Bruno;Norwich Terrier;adult;375-20-3592
Milo;Maltese;adult;638-34-8443
Jasmine;Dhole;puppy;253-40-8625
Gracie;Dingo;puppy;082-71-5945
Baxter;Dingo;puppy;008-64-5988
Taz;Great Dane;adult;897-50-8869
Luna;Sealyham Terrier;young;698-17-4657
Brutus;Eskimo;senior;833-62-0560
Lady;Chow;senior;701-78-7830
Shelby;Flatcoated Retriever;senior;805-50-5261
Sophie;Pyrenees;young;132-98-4496
Zoey;Affenpinscher;young;757-21-3332
Misty;American Terrier;senior;399-59-9632
Rascal;Patterdale Terrier;young;889-36-0604
Baxter;Kelpie;young;889-36-0604
Snickers;Miniature Pinscher;puppy;156-78-3378
Murphy;Malinois;senior;328-31-5710
Peanut;Groenendael;puppy;054-34-2382
Cody;Whippet;adult;472-73-9372
Harley;Chow;senior;198-67-3855
Lily;Norwich Terrier;senior;079-14-3660
Patches;French Bulldog;adult;381-92-1455
Luna;Cardigan Corgi;puppy;350-96-2337
Diamond;Golden Retriever;young;565-20-1644
Sasha;Dhole;puppy;242-99-1678
Ginger;Briard;adult;188-26-9498
Belle;Pug;puppy;502-30-1537
Dakota;Cardigan Corgi;puppy;854-12-6905
Riley;Borzoi;senior;022-70-1100
Lexi;Sealyham Terrier;puppy;650-77-6443
Gracie;Vizsla;young;879-38-6993
Cookie;Bernese Mountain;puppy;678-18-4673
Bruno;Italian Greyhound;puppy;523-44-4451
Maggie;Keeshond;puppy;599-95-7602
Zoey;Borzoi;senior;529-63-0749
Maggie;Scottish Terrier;adult;255-87-4436
Rosie;English Sheepdog;senior;029-18-1290
Sasha;Silky Terrier;puppy;441-31-9522
Brutus;Beagle;senior;861-79-9447
Oscar;Coonhound;young;024-53-2983
Diesel;Pug;adult;352-30-8844
Jack;Borzoi;puppy;165-89-4205
Baxter;Westhighland Terrier;adult;491-56-8576
Jasmine;Bluetick;senior;830-54-0038
Princess;Keeshond;puppy;041-60-1801
Belle;Bernese Mountain;senior;375-20-3592
Duke;Kelpie;young;061-24-5320
Rascal;Swiss Mountain;adult;106-36-4146
Charlie;Doberman;young;190-81-5817
Buster;Entlebucher;young;685-17-2312
Harley;Pembroke;adult;189-24-2402
Jake;Tibetan Mastiff;young;392-73-7127
Chance;Malinois;senior;792-81-6777
Mia;Whippet;senior;248-96-4660
Sadie;Kerryblue Terrier;senior;867-90-4406
Blue;English Sheepdog;puppy;723-03-2462
Baxter;Shetland Sheepdog;senior;038-77-1921
Tank;Gordon Setter;young;435-25-1747
Snoopy;Beagle;puppy;592-08-3346
Dixie;Toy Poodle;adult;214-77-9529
Daisy;Affenpinscher;puppy;190-81-5817
Sparky;Bernese Mountain;puppy;895-04-9349
Princess;Irish Spaniel;adult;788-30-3888
Zoey;English Sheepdog;young;019-12-0599
Brutus;Dachshund;senior;035-01-1740
Brutus;Rottweiler;puppy;198-53-0096
Murphy;Bouvier;puppy;373-17-5774
Annie;Weimaraner;adult;352-30-8844
Gracie;Whippet;young;684-75-6209
Taz;Weimaraner;young;333-77-9766
Sammy;Staffordshire Bullterrier;puppy;052-46-7739
Daisy;Italian Greyhound;puppy;023-63-2812
Zoe;Walker Hound;senior;016-79-8443
Misty;Toy Poodle;puppy;739-01-4458
Precious;Pomeranian;adult;477-21-8537
Peanut;Norfolk Terrier;senior;523-44-4451
Bailey;Staffordshire Bullterrier;senior;453-38-9698
Angel;Pyrenees;puppy;242-99-1678
Princess;Bull Mastiff;puppy;129-32-6989
Jasmine;Clumber;young;618-22-5152
Blue;Basset Hound;young;021-14-0718
Bear;Sealyham Terrier;young;558-31-9469
Snoopy;Sussex Spaniel;senior;190-81-5817
Annie;Cardigan Corgi;adult;692-46-0683
